Apellido Paterno,Apellido Materno,Nombres,Numero de Cuenta
Baltazar,Hinojosa,Carlos Alberto,4152313539096003
Tellez,Bernal,Cesar,4152354539098965
Vieyra,Castro,Jhovany,4231456017998712
Rojas,Perez,Juan,12345678900
Garcia,Perez,Juan,1234567890
García,Vázquez,Ricardo,3076812228
Cruz,Jiménez,Miguel,2427584130
Pérez,Ramos,Miguel,1390498915
Cruz,Mendoza,Rosa,9042001502
González,Jiménez,María,1756115935
González,Hernández,Patricia,8735780246
Cruz,Gutiérrez,Carlos,3690069757
Rodríguez,Castillo,María,0122161706
Martínez,Ramos,Gabriela,2362136531
Martínez,Ortega,Verónica,8955411577
Flores,Gutiérrez,Verónica,1858773763
Sánchez,Castillo,Verónica,4917139768
Flores,Vázquez,Pedro,0918167178
García,Gutiérrez,Carlos,7691684656
González,Mendoza,Guadalupe,1899402123
Sánchez,Vázquez,Sandra,1264573840
López,Hernández,José,1393882047
Cruz,Mendoza,Carlos,2301855981
García,Jiménez,Laura,8878050520
García,Vázquez,Luis,0435693321
Flores,Ramos,Martha,9934700069
Sánchez,Ortega,Luis,8600242147
Pérez,Morales,María,0583572726
Ramírez,Jiménez,Gabriela,4462460838
García,Castillo,Jorge,3283652163
Cruz,Ramos,Patricia,0468732713
Ramírez,Mendoza,Patricia,9413998278
Rodríguez,Ortega,Gabriela,2751827427
González,Jiménez,Laura,0691949184
Flores,Gutiérrez,Pedro,6233572266
Martínez,Ortega,Rosa,4270256258
López,Hernández,José,5575997689
Pérez,Gutiérrez,Laura,2071440306
Rodríguez,Mendoza,Verónica,5195704749
García,Reyes,Rosa,0176444481
González,Castillo,Jorge,1449258085
Pérez,Ramos,Sandra,0293221093
García,Ramos,Luis,0491205053
Flores,Castillo,Verónica,0944240631
López,Morales,Miguel,9091722926
Martínez,Ramos,Ana,6995732534
Rodríguez,Ramos,Miguel,4310052168
Flores,Gutiérrez,Sandra,8555514597
Cruz,Reyes,Gabriela,9363395629
López,Mendoza,Guadalupe,2258984052
Sánchez,Jiménez,Pedro,7635396484
Ramírez,Reyes,Ricardo,6509859877
Cruz,Vázquez,José,9850864036
Martínez,Morales,Carlos,6835418071
López,Mendoza,José,9021261698
Rodríguez,Ortega,Guadalupe,9715887951
López,Morales,Antonio,2830618759
Ramírez,Mendoza,Guadalupe,9694407981
López,Jiménez,Sandra,3669828891
López,Morales,Laura,1277046625
Flores,Ramos,Pedro,5108923503
Sánchez,Castillo,Verónica,7518638237
González,Gutiérrez,Martha,9891039239
Rodríguez,Jiménez,Gabriela,7123797746
Pérez,Mendoza,Juan,7108999997
López,Hernández,Martha,3100107466
Rodríguez,Gutiérrez,Ana,0419505330
López,Jiménez,Jorge,5900942048
González,Gutiérrez,Ricardo,3169883511
Rodríguez,Reyes,Rosa,9351346797
Martínez,Ortega,Jorge,6187949135
López,Gutiérrez,Laura,0625921740
González,Morales,Fernando,6418941787
Sánchez,Ramos,Gabriela,1917926910
Cruz,Ortega,Rosa,7704045904
Pérez,Hernández,Guadalupe,9630849818
López,Castillo,Jorge,0107365371
Cruz,Ortega,Patricia,0886892141
Martínez,Jiménez,Sandra,3822868809
López,Jiménez,Antonio,7578767576
García,Jiménez,María,7391710637
Pérez,Ramos,Martha,1321810307
Flores,Ramos,Jorge,3105786077
González,Hernández,Verónica,0100138639
García,Reyes,Ana,8368455145
Cruz,Hernández,Guadalupe,4731537295
Sánchez,Reyes,Carlos,0835985951
López,Ramos,Fernando,0042049759
López,Hernández,Jorge,6290270810
López,Morales,Carlos,8902424652
Martínez,Ramos,Pedro,5146209364
García,Gutiérrez,Antonio,3259597963
García,Ortega,Guadalupe,3275831287
García,Gutiérrez,Carlos,7502359540
Rodríguez,Jiménez,Patricia,4283288399
González,Mendoza,José,8096345099
Martínez,Jiménez,José,5604688144
López,Ramos,Sandra,5100896690
Cruz,Reyes,Martha,6258439984
González,Ramos,Rosa,7687433168
Rodríguez,Jiménez,Martha,5456319746
Pérez,Jiménez,Rosa,9722902020
Martínez,Jiménez,Gabriela,4239650432
Martínez,Vázquez,Miguel,5905946573
Sánchez,Jiménez,Luis,9124193073
